step,count,conversion_rate,step_conversion
page_view,10000,100.0,100.0
signup,7043,70.43,70.43
first_purchase,2433,24.33,34.544938236546926
repeat_purchase,768,7.68,31.56596794081381
